{
	"description": "项目配置文件",
	"packOptions": {
		"ignore": []
	},
	"setting": {
		"urlCheck": false,
		"es6": true,
		"enhance": false,
		"postcss": true,
		"preloadBackgroundData": false,
		"minified": true,
		"newFeature": true,
		"coverView": true,
		"nodeModules": false,
		"autoAudits": false,
		"showShadowRootInWxmlPanel": true,
		"scopeDataCheck": false,
		"uglifyFileName": false,
		"checkInvalidKey": true,
		"checkSiteMap": true,
		"uploadWithSourceMap": true,
		"compileHotReLoad": false,
		"babelSetting": {
			"ignore": [],
			"disablePlugins": [],
			"outputPath": ""
		},
		"useIsolateContext": true,
		"useCompilerModule": false,
		"userConfirmedUseCompilerModuleSwitch": false
	},
	"compileType": "miniprogram",
	"libVersion": "2.12.0",
	"appid": "wx96e43a9f555bb77c",
	"projectname": "gzh",
	"debugOptions": {
		"hidedInDevtools": []
	},
	"isGameTourist": false,
	"simulatorType": "wechat",
	"simulatorPluginLibVersion": {},
	"condition": {
		"search": {
			"current": -1,
			"list": []
		},
		"conversation": {
			"current": -1,
			"list": []
		},
		"plugin": {
			"current": -1,
			"list": []
		},
		"game": {
			"currentL": -1,
			"list": []
		},
		"gamePlugin": {
			"current": -1,
			"list": []
		},
		"miniprogram": {
			"current": -1,
			"list": [
				{
					"id": 0,
					"name": "pages/index/index",
					"pathName": "pages/index/index",
					"query": "",
					"scene": null
				},
				{
					"id": 1,
					"name": "pages/article/index",
					"pathName": "pages/article/index",
					"query": "",
					"scene": null
				},
				{
					"id": 2,
					"name": "pages/cp_detail/index",
					"pathName": "pages/cp_detail/index",
					"query": "",
					"scene": null
				},
				{
					"id": -1,
					"name": "pages/all_item/index",
					"pathName": "pages/all_item/index",
					"query": "",
					"scene": null
				},
				{
					"id": 4,
					"name": "pages/home/ptxq/index",
					"pathName": "pages/home/ptxq/index",
					"query": "",
					"scene": null
				},
				{
					"id": 5,
					"name": "pages/myMine/dyh/index",
					"pathName": "pages/myMine/dyh/index",
					"query": "",
					"scene": null
				}
			]
		}
	}
}