{
	"setting": {
		"urlCheck": false,
		"es6": true,
		"postcss": true,
		"minified": true,
		"newFeature": true
	},
	"appid": "tt99eeef5306d4c283",
	"projectname": "bbx",
	"condition": {
		"miniprogram": {
			"current": 0,
			"list": [
				{
					"id": 0,
					"name": "q",
					"pathName": "pages/detail/index",
					"query": "id=汽车发展史&title=汽车发展史&openid=123132123&type=undefined&date=2020-08-13 13:33:15",
					"scene": "011001",
					"referrerInfo": {
						"appId": "",
						"extraData": ""
					}
				},
				{
					"id": 1,
					"name": "mine",
					"pathName": "pages/mine/index",
					"query": "",
					"scene": "011001",
					"referrerInfo": {
						"appId": "",
						"extraData": ""
					}
				}
			]
		}
	}
}